72172400,chair1,wood
72172400,chair2,leather
72172400,chair3,leather
72172400,chair4,wood
72172412,chair1,wood
72172412,chair2,wood
72172412,chair3,leather
72172412,chair4,leather
72172412,chair5,wood
72172412,chair6,wood
72172412,chair7,wood
72172412,chair9,wood
72172412,sofa1,wood
72172412,sofa8,wood
72172462,chair1,leather
72172462,chair2,leather
72172540,chair1,wood
72172540,chair2,wood
72172540,chair3,leather
72172540,chair4,wood
72172540,chair5,wood
72172540,chair6,wood
72172540,chair7,wood
72172540,sofa1,leather
72172623,bed1,wood
72172623,chair1,leather
72172623,chair2,wood
72172623,chair3,wood
72172623,chair4,wood
72172623,chair6,wood
72172623,sofa1,wood
72172623,sofa3,wood
72172623,sofa5,wood
72172625,chair1,leather
72172625,chair2,wood
72172625,chair3,wood
72172625,chair5,wood
72172625,chair6,wood
72172625,sofa4,wood
72172683,chair1,wood
72172683,chair2,wood
72172683,chair3,wood
72172683,chair4,wood
72172683,chair5,wood
72172683,chair6,wood
72172683,chair7,wood
72172683,chair8,wood
72172683,sofa1,leather
72172683,sofa5,wood
72172689,chair1,leather
72172689,chair2,leather
72172704,chair1,leather
72172704,chair2,leather
72172906,chair1,leather
72172906,chair2,stone
72172906,chair3,wood
72172906,chair4,leather
72172906,chair5,wood
72172906,sofa1,leather
72172906,sofa2,wood
72172924,chair1,wood
72172937,chair1,wood
72172937,chair2,wood
72172937,chair3,wood
72172937,chair4,wood
72172937,chair5,wood
72172942,bed1,stone
72172942,chair2,wood
72172956,chair1,leather
72172974,chair1,leather
72172974,chair2,leather
72172982,chair1,leather
72172982,chair2,leather
72173031,chair1,leather
72173031,chair2,leather
72173031,chair3,leather
72173031,chair5,wood
72173031,chair7,wood
72173031,chair8,wood
72173031,sofa2,leather
72173031,sofa4,wood
72173031,sofa6,wood
72173046,bed2,wood
72173046,chair1,wood
72173063,chair1,wood
72173063,chair2,wood
72173119,chair1,leather
72173119,chair2,leather
72173119,chair3,leather
72173119,chair4,wood
72173119,chair5,leather
72173119,chair6,wood
72173119,chair7,wood
72173119,chair8,wood
72173119,sofa1,leather
72173119,sofa2,wood
72173119,sofa3,wood
72173152,chair3,wood
72173152,chair4,wood
72173152,sofa1,wood
72173152,sofa2,wood
72173180,chair1,stone
72173180,chair2,stone
72173180,chair3,wood
72173180,chair4,stone
72173180,chair5,stone
72173180,chair6,wood
72173180,chair7,wood
72173228,chair2,leather
72173228,chair3,leather
72173228,chair5,leather
72173228,sofa1,leather
72173228,sofa4,leather
72173232,bed1,wood
72173244,chair1,wood
72173244,chair4,wood
72173244,sofa1,wood
72173244,sofa2,leather
72173244,sofa3,stone
72173267,chair1,leather
72173267,chair10,leather
72173267,chair3,stone
72173267,chair4,leather
72173267,chair5,leather
72173267,chair6,leather
72173267,chair7,wood
72173267,chair8,leather
72173267,chair9,leather
72173267,sofa2,wood
72173302,bed4,wood
72173302,chair1,leather
72173302,chair10,leather
72173302,chair11,leather
72173302,chair2,wood
72173302,chair3,wood
72173302,chair4,leather
72173302,chair5,leather
72173302,chair6,leather
72173302,chair7,leather
72173302,chair8,leather
72173302,chair9,wood
72173302,sofa1,wood
72173302,sofa2,wood
72173347,chair1,leather
72173378,sofa1,leather
72173378,sofa2,wood
72173379,chair1,leather
72173379,chair2,wood
72173379,chair5,leather
72173379,chair6,leather
72173379,chair7,wood
72173379,sofa1,wood
72173379,sofa2,wood
72173379,sofa3,wood
72173379,sofa4,wood
72173379,sofa5,stone
72173395,chair1,wood
72173395,chair2,wood
72173395,sofa1,wood
72173395,sofa3,wood
72173441,chair1,leather
72173441,chair2,stone
72173441,chair3,stone
72173441,chair4,leather
72173441,chair5,stone
72173441,chair6,leather
72173441,chair7,leather
72173491,bed3,wood
72173491,chair2,stone
72173491,sofa1,leather
72173499,chair1,leather
72173499,chair2,wood
72173499,chair3,leather
72173499,chair4,leather
72173499,chair5,leather
72173499,chair6,leather
72173499,chair7,leather
72173499,chair8,leather
72173499,chair9,leather
72173499,sofa1,leather
72173499,sofa4,leather
72173571,bed1,wood
72173571,chair1,leather
72173571,chair2,leather
72173571,chair3,leather
72173571,chair4,leather
72173571,chair5,leather
72173571,chair6,leather
72173571,chair7,leather
72173571,chair8,wood
72173571,sofa1,leather
72173578,chair1,stone
72173578,chair2,stone
72173578,chair3,leather
72173578,chair4,leather
72173606,chair1,leather
72173606,chair2,leather
72173606,chair3,leather
72173606,chair4,leather
72173606,chair5,leather
72173606,chair6,leather
72173606,chair7,leather
72173627,chair1,wood
72173675,chair1,leather
72173675,chair4,leather
72173675,sofa2,leather
72173675,sofa3,leather
72173694,chair1,wood
72173696,chair1,wood
72173696,chair2,wood
72173696,chair3,wood
72173696,chair4,wood
72173696,chair5,wood
72173696,chair6,leather
72173696,chair7,wood
72173696,sofa1,leather
72173696,sofa2,wood
72173888,chair1,wood
72173888,chair2,leather
72173888,chair3,wood
72173888,chair4,leather
72173888,chair5,leather
72173888,chair6,wood
72173888,chair7,leather
72173893,chair1,wood
72173893,chair2,wood
72173893,chair3,wood
72173893,chair4,wood
72173893,chair5,wood
72173893,sofa1,wood
72173948,chair1,stone
72173948,chair2,wood
72173948,chair3,leather
72173948,chair5,leather
72173948,chair6,wood
72173948,sofa1,stone
72173948,sofa4,wood
72174040,bed1,wood
72174084,sofa1,wood
72174084,sofa2,leather
72174091,chair1,leather
72174091,chair10,leather
72174091,chair2,leather
72174091,chair3,leather
72174091,chair4,leather
72174091,chair5,wood
72174091,chair6,wood
72174091,chair7,wood
72174091,chair9,wood
72174091,sofa1,stone
72174091,sofa10,stone
72174091,sofa2,leather
72174091,sofa6,stone
72174091,sofa8,wood
72174129,chair1,leather
72174129,chair3,stone
72174129,chair4,leather
72174129,sofa1,leather
72174129,sofa2,wood
72174129,sofa3,leather
72174233,chair1,wood
72174233,chair10,leather
72174233,chair2,leather
72174233,chair3,wood
72174233,chair4,leather
72174233,chair5,wood
72174233,chair6,leather
72174233,chair7,leather
72174233,chair8,leather
72174233,chair9,wood
72174233,sofa4,leather
72174233,sofa6,leather
72174323,chair1,stone
72174323,chair2,leather
72174323,chair3,leather
72174323,chair4,wood
72174323,chair5,wood
72174323,chair6,leather
72174354,chair1,leather
72174354,chair2,leather
72174354,chair3,leather
72174354,chair4,leather
72174354,chair5,leather
72174354,sofa1,leather
72174371,chair1,leather
72174398,chair2,wood
72174398,sofa1,stone
72174398,sofa3,wood
72174399,bed1,wood
72174409,chair1,wood
72174409,chair2,wood
72174435,chair1,wood
72174435,chair2,wood
72174435,chair3,stone
72174435,chair4,stone
72174435,chair5,stone
72174435,chair6,stone
72174435,chair7,wood
72174435,chair8,wood
72174444,chair1,leather
72174444,chair2,wood
72174444,chair3,wood
72174444,chair4,wood
72174444,chair5,wood
72174444,chair6,wood
72174444,chair7,wood
72174444,sofa1,wood
72174444,sofa6,wood
72174444,sofa7,wood
72174539,chair1,leather
72174539,chair2,leather
72174539,chair3,wood
72174539,chair4,leather
72174629,bed1,stone
72174629,chair2,stone
72174656,chair1,leather
72174656,chair2,wood
72174656,chair3,wood
72174656,chair4,wood
72174656,chair5,leather
72174656,chair6,leather
72174656,sofa1,leather
72174656,sofa2,leather
72174656,sofa3,leather
72174685,chair1,wood
72174709,chair1,wood
72174741,bed3,wood
72174741,chair1,wood
72174741,chair2,wood
72174751,chair2,leather
72174751,chair3,wood
72174751,chair4,leather
72174751,chair5,leather
72174751,sofa1,wood
72174755,chair1,wood
72174755,chair2,leather
72174755,chair3,wood
72174755,chair4,wood
72174755,chair5,wood
72174755,sofa1,wood
72174755,sofa2,wood
72174755,sofa3,leather
72174756,chair1,leather
72174756,chair2,wood
72174756,chair3,wood
72174756,chair4,leather
72174756,chair5,wood
72174756,chair7,leather
72174756,chair9,leather
72174756,sofa1,wood
72174756,sofa2,leather
72174756,sofa3,wood
72174756,sofa6,stone
72174756,sofa8,wood
72174768,chair1,wood
72174768,chair2,wood
72174768,chair3,leather
72174777,bed1,leather
72174777,bed2,leather
72174777,chair1,wood
72174777,chair2,leather
72174777,chair3,wood
72174777,chair4,wood
72174777,sofa1,leather
72174777,sofa3,leather
72174889,chair1,wood
72174891,sofa1,stone
72174891,sofa2,wood
72174932,bed4,leather
72174932,chair2,wood
72174932,chair3,wood
72174932,chair6,wood
72174932,chair7,wood
72174932,chair8,leather
72174932,chair9,wood
72174932,sofa1,wood
72174932,sofa5,wood
72174953,chair1,leather
72174953,chair2,leather
72174953,chair3,leather
72174953,chair4,wood
72174953,chair5,wood
72174953,chair6,wood
72174953,sofa1,wood
72174971,chair1,wood
72174971,chair2,wood
72174971,chair3,wood
72174971,chair4,wood
72174971,sofa1,wood
72174971,sofa3,wood
72174971,sofa4,wood
72175003,chair1,wood
72175003,chair2,wood
72175003,chair3,leather
72175003,chair4,wood
72175003,chair5,wood
72175073,chair1,wood
72175073,chair2,leather
72175073,chair3,wood
72175073,chair4,wood
72175073,chair5,wood
72175073,sofa1,leather
72175178,chair1,leather
72175233,chair1,wood
72175239,chair1,wood
72175239,chair10,wood
72175239,chair11,wood
72175239,chair2,wood
72175239,chair3,leather
72175239,chair4,wood
72175239,chair5,leather
72175239,chair6,wood
72175239,chair7,leather
72175239,chair8,wood
72175239,chair9,wood
72175239,sofa1,wood
72175239,sofa2,wood
72175309,chair1,wood
72175309,chair2,wood
72175309,chair3,wood
72175309,sofa1,wood
72175365,chair1,stone
72175365,chair2,wood
72175365,sofa3,wood
72175440,bed1,stone
72175440,chair2,leather
72175440,chair3,wood
72175440,chair4,wood
72175440,sofa1,wood
72175440,sofa2,wood
72175454,bed1,stone
72175454,bed2,wood
72175454,chair1,leather
72175454,chair2,stone
72175463,chair1,wood
72175463,chair2,wood
72175463,chair3,wood
72175463,chair4,wood
72175517,chair1,leather
72175517,chair2,leather
72175517,chair3,leather
72175517,chair4,leather
72175517,chair5,wood
72175517,chair6,leather
72175517,chair7,leather
72175517,chair8,leather
72175517,chair9,leather
72175517,sofa1,leather
72175530,chair1,wood
72175539,chair1,leather
72175539,chair2,wood
72175539,chair3,wood
72175539,chair4,leather
72175539,chair5,leather
72175539,chair6,leather
72175539,chair7,wood
72175539,chair8,leather
72175539,sofa1,wood
72175539,sofa2,leather
72175539,sofa3,wood
72175557,bed1,wood
72175557,chair1,wood
72175557,chair2,leather
72175557,chair3,wood
72175557,sofa2,stone
72175557,sofa4,leather
72175583,bed1,wood
72175698,chair1,wood
72175698,chair2,wood
72175698,sofa1,wood
72175798,chair1,wood
72175798,chair2,wood
72175798,chair3,wood
72175798,chair4,wood
72175798,chair5,wood
72175798,chair6,wood
72175798,chair7,wood
72175798,sofa1,wood
72175798,sofa2,wood
72175798,sofa3,wood
72175843,chair2,leather
72175843,sofa1,wood
72175925,chair1,stone
72175925,chair2,stone
72175925,chair3,wood
72175925,chair4,stone
72175925,chair5,leather
72175925,sofa1,leather
72175951,chair1,leather
72175951,chair2,leather
72175951,chair3,leather
72175951,chair4,wood
72175951,chair5,leather
72175951,chair6,wood
72175951,sofa1,wood
72176137,bed1,wood
72176137,chair3,wood
72176137,sofa1,wood
72176137,sofa2,wood
72176281,chair2,wood
72176281,chair4,leather
72176281,sofa1,wood
72176281,sofa3,wood
72176372,bed1,stone
72176372,bed3,leather
72176372,chair1,leather
72176372,chair2,wood
72176372,chair3,wood
72176372,chair4,leather
72176372,chair5,wood
72176372,sofa1,wood
72176372,sofa2,leather
72176514,chair10,wood
72176514,chair12,wood
72176514,chair2,wood
72176514,chair3,leather
72176514,chair4,wood
72176514,chair5,wood
72176514,chair6,wood
72176514,chair7,leather
72176514,chair8,leather
72176514,chair9,leather
72176514,sofa1,wood
72176514,sofa11,wood
72176514,sofa2,leather
72176663,sofa1,wood
72176663,sofa2,wood
72176710,chair1,wood
72176710,chair2,wood
72176743,chair1,wood
72176743,chair2,wood
72176743,chair3,wood
72176743,chair4,wood
72176821,bed1,leather
72176821,chair1,leather
72176821,chair2,leather
72176821,chair3,wood
72176821,sofa1,wood
72176821,sofa2,wood
72176913,chair1,leather
72176913,chair2,wood
72176913,chair3,wood
72176913,chair4,leather
72176913,chair5,wood
72176913,sofa1,wood
72176913,sofa4,wood
72176913,sofa5,wood
72176984,chair1,leather
72176984,chair2,wood
72176984,chair3,wood
72176984,chair4,wood
72176984,chair5,wood
72176984,chair6,wood
72177122,bed1,wood
72177122,bed2,wood
72177173,bed2,wood
72177173,chair2,wood
72177173,chair3,leather
72177173,chair4,wood
72177173,chair5,wood
72177173,chair6,wood
72177173,chair7,wood
72177173,chair8,wood
72177173,sofa1,wood
72177173,sofa2,wood
72177173,sofa3,wood
72177173,sofa6,wood
72177211,chair1,stone
72177211,chair2,wood
72177211,chair3,wood
72177358,bed1,wood
72177387,chair1,wood
72177387,chair2,wood
72177387,chair3,leather
72177387,chair4,stone
72177448,chair1,leather
72177448,chair2,leather
72177448,chair3,wood
72177448,chair4,wood
72177448,chair5,wood
72177448,chair6,leather
72177448,chair8,leather
72177448,sofa1,stone
72177448,sofa4,stone
72177448,sofa7,leather
72177460,chair2,leather
72177460,sofa1,wood
72177463,sofa1,leather
72177526,chair2,wood
72177526,chair3,leather
72177526,chair4,leather
72177526,chair5,leather
72177526,sofa1,wood
72177526,sofa2,stone
72177540,chair1,leather
72177540,chair2,leather
72177540,chair3,wood
72177540,chair4,leather
72177540,chair5,wood
72177540,chair6,wood
72177541,chair1,leather
72177541,chair2,wood
72177541,chair3,leather
72177541,chair4,leather
72177541,chair5,wood
72177541,chair6,leather
72177541,sofa1,leather
72177801,chair1,leather
72177801,chair10,leather
72177801,chair12,leather
72177801,chair2,leather
72177801,chair3,leather
72177801,chair4,wood
72177801,chair5,leather
72177801,chair6,wood
72177801,chair7,leather
72177801,chair8,leather
72177801,chair9,leather
72177801,sofa1,wood
72177801,sofa11,wood
72177860,chair1,wood
72177860,chair2,wood
72177860,chair3,wood
72177860,chair4,leather
72177860,chair5,wood
72177860,chair6,leather
72177860,chair7,wood
72177899,bed9,wood
72177899,chair1,wood
72177899,chair10,leather
72177899,chair2,wood
72177899,chair3,wood
72177899,chair4,leather
72177899,chair5,wood
72177899,chair6,wood
72177899,chair7,wood
72177899,chair8,wood
72177899,sofa1,wood
72177899,sofa2,wood
72177899,sofa5,leather
72177899,sofa9,leather
72177940,chair1,leather
72177940,chair10,leather
72177940,chair11,wood
72177940,chair12,wood
72177940,chair2,leather
72177940,chair3,leather
72177940,chair4,leather
72177940,chair5,leather
72177940,chair6,leather
72177940,chair7,leather
72177940,chair8,wood
72177940,chair9,leather
72177965,chair1,wood
72177965,chair2,leather
72177965,sofa1,leather
72177965,sofa3,leather
72178069,chair1,wood
72178069,chair2,wood
72178069,chair3,leather
72178117,bed1,stone
72178117,chair1,wood
72178117,sofa2,wood
72178117,sofa3,wood
72178157,chair1,leather
72178157,chair2,wood
72178157,chair3,wood
72178157,chair4,wood
72178157,chair5,wood
72178157,sofa1,leather
72178157,sofa2,wood
72178243,chair1,wood
72178249,chair1,leather
72178249,chair10,leather
72178249,chair2,wood
72178249,chair3,leather
72178249,chair4,leather
72178249,chair5,leather
72178249,chair6,leather
72178249,chair7,leather
72178249,chair8,leather
72178249,chair9,leather
72178266,chair1,wood
72178266,chair2,wood
72178266,chair3,wood
72178266,chair5,wood
72178266,chair6,wood
72178266,chair7,leather
72178266,sofa1,wood
72178266,sofa2,wood
72178266,sofa4,wood
72178287,chair1,wood
72178287,chair10,wood
72178287,chair2,leather
72178287,chair3,wood
72178287,chair4,leather
72178287,chair5,leather
72178287,chair6,leather
72178287,chair7,wood
72178287,chair8,leather
72178287,chair9,leather
72178328,chair1,wood
72178328,chair2,wood
72178328,chair3,wood
72178328,chair4,wood
72178328,chair5,leather
72178328,chair6,wood
72178332,chair1,leather
72178332,chair2,leather
72178332,chair3,leather
72178332,chair4,wood
72178332,sofa1,leather
72178367,bed1,leather
72178367,sofa1,leather
72178367,sofa2,wood
72178367,sofa3,wood
72178367,sofa4,wood
72178404,chair1,leather
72178404,chair2,leather
72178404,chair3,leather
72178404,chair4,wood
72178404,chair5,leather
72178404,chair6,wood
72178404,chair7,wood
72178422,chair1,wood
72178422,chair2,wood
72178422,chair3,wood
72178520,chair2,wood
72178520,chair3,wood
72178520,chair4,wood
72178520,chair5,wood
72178520,chair6,wood
72178520,chair7,wood
72178520,chair8,wood
72178520,sofa1,wood
72178520,sofa2,wood
72178520,sofa4,wood
72178522,chair3,leather
72178522,chair4,stone
72178522,sofa1,wood
72178522,sofa2,stone
72178627,chair1,leather
72178627,chair2,leather
72178627,chair3,wood
72178627,chair4,wood
72178627,chair5,wood
72178627,sofa1,wood
72178636,chair1,wood
72178636,chair2,wood
72178636,chair3,wood
72178709,chair1,leather
72178709,chair2,wood
72178709,sofa1,leather
72178732,chair1,wood
72178777,chair1,wood
72178777,chair2,wood
72178777,chair3,wood
72178777,chair4,wood
72178818,chair3,wood
72178818,chair4,stone
72178818,chair5,wood
72178818,chair6,leather
72178818,chair8,leather
72178818,chair9,wood
72178818,sofa1,wood
72178818,sofa10,leather
72178818,sofa2,leather
72178818,sofa7,wood
72178862,chair1,wood
72178862,chair10,wood
72178862,chair2,wood
72178862,chair4,wood
72178862,chair5,wood
72178862,chair6,wood
72178862,chair7,wood
72178862,chair8,wood
72178862,chair9,wood
72178862,sofa1,wood
72178862,sofa2,wood
72178862,sofa3,wood
72178895,sofa1,wood
72179064,sofa1,wood
72179165,chair1,leather
72179165,chair2,leather
72179165,chair3,leather
72179165,sofa1,wood
72179174,bed1,leather
72179174,chair1,leather
72179174,chair2,wood
72179174,chair3,wood
72179174,chair4,leather
72179174,chair5,wood
72179174,chair6,wood
72179174,sofa2,wood
72179174,sofa3,wood
72179182,chair1,stone
72179182,chair2,leather
72179218,chair1,wood
72179218,chair10,wood
72179218,chair13,wood
72179218,chair14,wood
72179218,chair2,wood
72179218,chair3,leather
72179218,chair4,wood
72179218,chair5,wood
72179218,chair7,wood
72179218,chair8,leather
72179218,chair9,wood
72179218,sofa11,wood
72179218,sofa12,wood
72179218,sofa2,wood
72179218,sofa3,wood
72179218,sofa6,wood
72179220,chair1,leather
72179220,chair2,leather
72179220,chair3,wood
72179220,chair4,leather
72179220,chair5,wood
72179220,chair6,wood
72179238,chair1,wood
72179372,sofa1,wood
72179372,sofa2,wood
72179412,chair1,leather
72179412,chair2,wood
72179412,chair3,wood
72179412,chair4,wood
72179412,chair5,wood
72179412,chair6,leather
72179412,chair7,wood
72179412,chair8,wood
72179420,chair1,leather
72179420,chair10,leather
72179420,chair2,wood
72179420,chair3,wood
72179420,chair4,wood
72179420,chair5,leather
72179420,chair6,wood
72179420,chair8,wood
72179420,sofa7,wood
72179420,sofa9,wood
72179438,chair1,wood
72179438,chair2,wood
72179438,chair3,wood
72179438,chair4,wood
72179438,chair5,wood
72179438,chair6,leather
72179438,chair7,wood
72179438,chair8,wood
72179442,chair1,stone
72179442,chair2,leather
72179442,chair3,leather
72179442,chair4,wood
72179442,chair5,leather
72179442,chair6,wood
72179442,chair7,wood
72179442,sofa1,leather
72179442,sofa3,wood
72179442,sofa4,leather
72179457,chair5,stone
72179457,chair6,wood
72179457,chair7,leather
72179457,sofa1,leather
72179457,sofa2,leather
72179457,sofa3,stone
72179457,sofa4,leather
72179584,bed8,wood
72179584,chair1,leather
72179584,chair2,wood
72179584,chair3,wood
72179584,chair4,leather
72179584,chair5,wood
72179584,chair6,wood
72179584,chair7,wood
72179584,sofa1,leather
72179584,sofa2,stone
72179584,sofa3,wood
72179584,sofa4,wood
72179601,chair1,leather
72179601,chair2,leather
72179601,chair3,wood
72179601,chair4,leather
72179601,sofa1,wood
72179622,bed10,wood
72179622,bed2,wood
72179622,chair1,wood
72179622,chair10,wood
72179622,chair11,wood
72179622,chair2,leather
72179622,chair3,stone
72179622,chair4,wood
72179622,chair5,wood
72179622,chair6,wood
72179622,chair7,stone
72179622,chair8,wood
72179622,chair9,wood
72179622,sofa2,leather
72179622,sofa4,wood
72179622,sofa7,leather
72179630,bed1,wood
72179637,bed1,leather
72179661,bed1,wood
72179670,bed2,wood
72179670,chair1,wood
72179670,chair3,wood
72179670,sofa1,leather
72179670,sofa2,wood
72179954,bed1,stone
72179954,chair1,wood
72179954,chair2,wood
72179954,chair3,wood
72179954,chair4,wood
72179954,chair5,leather
72179954,sofa1,leather
72179954,sofa3,wood
72179996,bed1,wood
72179996,chair1,leather
72179996,chair2,leather
72179996,chair3,leather
72179996,chair4,wood
72179996,chair5,stone
72179996,sofa1,wood
72179996,sofa3,wood
72180116,bed1,wood
72180116,chair1,leather
72180116,chair2,stone
72180116,chair3,wood
72180116,chair4,wood
72180116,chair5,wood
72180116,chair6,wood
72180319,chair1,leather
72180319,chair2,leather
72180319,chair3,leather
72180319,chair4,leather
72180319,sofa2,leather
72180319,sofa3,leather
72180319,sofa4,leather
72180337,chair10,wood
72180337,chair2,wood
72180337,chair4,wood
72180337,chair5,wood
72180337,chair6,wood
72180337,chair7,wood
72180337,chair8,wood
72180337,chair9,wood
72180337,sofa1,wood
72180337,sofa3,wood
72180375,bed2,wood
72180375,sofa1,wood
72180413,chair1,wood
72180413,chair2,leather
72180413,chair3,leather
72180413,chair4,leather
72180623,chair1,wood
72180623,chair2,wood
72180665,bed1,wood
72180665,chair2,wood
72180665,chair3,wood
72180665,chair4,wood
72180665,chair5,wood
72180665,chair6,wood
72180665,chair7,wood
72180665,sofa1,wood
72181368,chair1,wood
72181441,chair1,wood
72181441,chair2,wood
72181441,chair3,stone
72181454,chair1,stone
72181499,bed1,wood
72181499,bed2,leather
72181499,chair1,wood
72181499,chair2,wood
72181499,chair3,wood
72181499,chair4,wood
72181499,chair5,leather
72181499,chair6,wood
72181523,sofa1,wood
72181523,sofa2,wood
72181544,chair1,leather
72181544,chair2,leather
72181544,chair3,leather
72181563,bed3,leather
72181563,chair1,wood
72181563,chair2,wood
72181563,chair3,leather
72181563,chair4,wood
72181563,sofa1,leather
72181563,sofa2,leather
72181578,bed1,stone
72181578,chair1,wood
72181578,chair2,leather
72181578,chair3,wood
72181578,chair4,leather
72181578,chair5,leather
72181578,chair6,wood
72181578,chair7,wood
72181578,chair8,leather
72181578,sofa2,wood
72181578,sofa3,wood
72181585,chair2,wood
72181585,sofa1,stone
72181585,sofa2,leather
72181585,sofa3,leather
72181585,sofa4,leather
72181609,bed1,wood
72181609,chair1,leather
72181609,chair2,wood
72181623,chair1,leather
72181623,chair10,leather
72181623,chair2,leather
72181623,chair3,leather
72181623,chair4,leather
72181623,chair5,leather
72181623,chair6,stone
72181623,chair7,leather
72181623,chair8,leather
72181623,chair9,wood
72181817,chair1,wood
72181817,chair2,leather
72181817,chair3,wood
72181817,chair4,leather
72181962,chair1,leather
72181962,chair2,wood
72181962,chair3,leather
72181962,chair4,wood
72181962,chair5,wood
72181962,chair6,leather
72181962,chair7,leather
72181962,chair8,leather
72181981,bed1,wood
72181981,bed2,wood
72181981,bed3,leather
72181981,chair1,leather
72181981,chair2,leather
72181981,chair3,leather
72181981,chair5,leather
72181981,chair6,wood
72181981,chair7,wood
72181981,chair8,wood
72181981,sofa4,wood
72182020,chair1,leather
72182020,chair2,leather
72182020,chair3,leather
72182020,sofa1,leather
72182020,sofa2,wood
72182020,sofa3,leather
72182144,chair1,wood
72182144,chair2,leather
72182219,chair1,wood
72182219,chair2,wood
72182219,chair3,wood
72182219,chair4,wood
72182219,chair5,wood
72182219,chair6,wood
72182219,sofa3,wood
72182219,sofa4,leather
72182219,sofa5,leather
72182221,chair1,wood
72182284,chair1,wood
72182284,chair2,wood
72182297,chair2,wood
72182297,sofa1,leather
72182297,sofa3,wood
72182306,chair1,wood
72182306,chair2,wood
72182306,chair3,wood
72182306,chair4,wood
72182306,chair5,wood
72182306,sofa1,leather
72182306,sofa2,leather
72182306,sofa3,wood
72182371,chair3,wood
72182371,sofa1,wood
72182371,sofa2,wood
72182371,sofa4,wood
72182423,chair1,wood
72182423,chair10,wood
72182423,chair2,leather
72182423,chair4,wood
72182423,chair5,leather
72182423,chair6,leather
72182423,chair7,leather
72182423,chair8,wood
72182423,chair9,wood
72182423,sofa3,leather
72182549,chair1,leather
72182549,chair10,leather
72182549,chair11,wood
72182549,chair2,wood
72182549,chair3,wood
72182549,chair4,wood
72182549,chair5,wood
72182549,chair6,leather
72182549,chair7,wood
72182549,chair8,leather
72182549,chair9,wood
72182549,sofa1,wood
72182549,sofa2,wood
72182549,sofa6,wood
72182671,bed1,wood
72182671,chair1,wood
72182671,chair2,wood
72182671,chair3,leather
72182671,sofa1,wood
72182671,sofa2,wood
72182674,chair1,wood
72182723,chair1,leather
72182723,chair2,leather
72182723,chair3,leather
72182723,chair4,wood
72182723,chair5,leather
72182723,chair6,leather
72182723,chair7,wood
72182723,chair8,wood
72182723,sofa3,leather
72182723,sofa4,leather
72182743,chair2,wood
72182743,sofa1,wood
72182743,sofa3,wood
72182815,chair1,leather
72182815,chair2,wood
72182815,chair3,wood
72182815,chair4,wood
72182815,chair5,leather
72182815,chair6,wood
72182815,chair7,wood
72182815,chair8,wood
72182815,sofa1,wood
72182815,sofa5,wood
72182846,bed1,leather
72182846,chair1,leather
72182846,chair2,leather
72182846,chair3,leather
72182846,sofa1,leather
72182846,sofa2,wood
72182914,chair1,leather
72182914,chair2,leather
72182914,chair3,wood
72182914,chair4,leather
72182914,chair5,leather
72182914,chair6,leather
72182914,sofa1,wood
72182942,chair2,wood
72182942,chair3,leather
72182942,sofa1,wood
72182942,sofa4,leather
72182942,sofa5,wood
72182943,bed1,wood
72182943,bed2,wood
72182943,bed3,leather
72182943,bed6,leather
72182943,chair1,leather
72182943,chair10,leather
72182943,chair11,leather
72182943,chair2,leather
72182943,chair4,wood
72182943,chair5,wood
72182943,chair6,wood
72182943,chair7,leather
72182943,chair8,wood
72182943,sofa2,wood
72182943,sofa3,wood
72182943,sofa9,leather
72183118,bed1,leather
72183118,chair1,wood
72183118,chair2,wood
72183210,chair1,stone
72183210,chair2,stone
72183210,chair3,stone
72183210,chair4,leather
72183210,chair5,wood
72183210,chair6,wood
72183210,chair7,wood
72183253,chair2,leather
72183253,chair3,wood
72183253,chair4,leather
72183253,chair5,leather
72183253,chair6,leather
72183253,chair7,leather
72183253,chair8,leather
72183253,sofa1,leather
72183253,sofa2,leather
72183253,sofa3,leather
72183253,sofa4,leather
72183285,chair2,wood
72183285,chair4,leather
72183285,chair5,wood
72183285,chair6,stone
72183285,chair7,leather
72183285,sofa1,wood
72183285,sofa3,leather
72183329,chair2,stone
72183329,sofa1,wood
72183495,chair1,leather
72183495,sofa1,leather
72183495,sofa2,stone
72183807,chair1,leather
72183807,chair3,wood
72183807,chair4,leather
72183807,chair5,leather
72183807,chair6,leather
72183807,sofa2,leather
72183832,bed1,wood
72183832,chair1,wood
72183832,chair2,leather
72183832,chair3,leather
72183832,chair4,wood
72183832,sofa1,wood
72183832,sofa2,wood
72183832,sofa3,stone
72183832,sofa5,leather
72183917,chair2,wood
72183917,chair3,wood
72183917,chair4,wood
72183917,sofa1,wood
72183960,chair1,leather
72183960,chair2,leather
72183960,chair3,wood
72183960,chair4,leather
72183960,chair5,wood
72183960,chair6,leather
72183960,sofa1,wood
72183960,sofa2,leather
72183960,sofa3,leather
72184016,bed5,wood
72184016,chair1,leather
72184016,chair2,leather
72184016,chair3,wood
72184016,chair4,wood
72184016,chair6,wood
72184016,chair7,leather
72184070,bed1,leather
72184070,chair1,wood
72184070,chair2,wood
72184076,sofa1,wood
72184117,bed1,wood
72184117,chair1,leather
72184117,chair2,wood
72184117,chair3,leather
72184117,chair4,leather
72184117,chair5,wood
72184117,chair6,stone
72184117,chair7,leather
72184117,chair8,leather
72184117,sofa9,wood
72184168,chair1,wood
72184168,chair4,wood
72184168,sofa2,wood
72184168,sofa3,wood
72184168,sofa5,wood
72184200,chair1,wood
72184200,chair2,wood
72184200,chair3,leather
72184200,chair4,wood
72184200,chair5,wood
72184200,chair6,wood
72184200,chair7,wood
72184200,sofa1,leather
72184200,sofa3,wood
72184332,chair1,leather
72184332,chair10,wood
72184332,chair2,leather
72184332,chair3,leather
72184332,chair4,wood
72184332,chair5,leather
72184332,chair6,wood
72184332,chair7,wood
72184332,chair8,wood
72184332,chair9,wood
72184332,sofa2,leather
72184332,sofa4,wood
72184849,bed1,leather
72184849,chair2,leather
72184849,sofa1,wood
72186483,sofa1,leather
72186767,bed1,wood
72186767,chair1,wood
72186767,chair2,stone
72186964,chair3,leather
72186964,chair4,leather
72186964,chair5,leather
72186964,chair6,leather
72186964,chair7,leather
72186964,chair8,wood
72186964,sofa1,leather
72186964,sofa2,wood
72187112,chair1,leather
72187112,chair2,leather
72187112,chair3,leather
72187112,chair4,wood
72187112,chair5,leather
72187112,chair6,leather
72187112,chair7,wood
72187112,chair8,stone
72187282,bed1,wood
72187282,chair1,wood
72187282,chair3,wood
72187282,chair4,wood
72187282,sofa2,leather
72187282,sofa3,wood
72187335,chair1,leather
72187335,chair2,leather
72187335,chair3,leather
72187335,chair4,stone
72187335,sofa1,wood
72187393,chair2,leather
72187393,sofa1,leather
72187435,chair1,wood
72187435,chair2,wood
72187435,chair3,wood
72187435,chair4,wood
72187435,chair5,wood
72187435,sofa1,wood
72187435,sofa2,wood
72187435,sofa3,stone
72187835,bed1,wood
72187835,chair1,leather
72187835,chair2,wood
72187835,chair3,leather
72187835,chair5,wood
72187835,chair7,wood
72187835,sofa2,wood
72187835,sofa4,wood
72187835,sofa6,wood
72187927,chair1,wood
72187927,chair2,wood
72187927,sofa1,wood
72187979,chair1,wood
72187979,chair2,leather
72187979,chair3,wood
72187979,chair4,wood
72187979,chair5,leather
72187979,chair6,leather
72187979,chair7,wood
72187979,sofa1,wood
72188079,bed1,wood
72188079,chair1,leather
72188079,chair2,wood
72188079,chair3,stone
72188079,chair4,wood
72188079,chair5,wood
72188079,sofa1,wood
72188079,sofa3,wood
72188134,bed1,wood
72188134,chair1,leather
72188134,chair2,wood
72188134,chair3,wood
72188134,chair4,stone
72188134,chair5,leather
72188134,chair6,leather
72188134,sofa1,stone
72188199,chair1,stone
72188199,chair2,leather
72188199,chair3,leather
72188199,chair4,wood
72188199,sofa1,leather
72188454,chair1,leather
72188454,chair2,leather
72188454,chair3,wood
72188454,chair4,leather
72188454,chair5,stone
72188454,chair6,leather
72188454,chair7,leather
72188454,chair8,wood
72188454,sofa2,leather
72188454,sofa3,wood
72188570,bed2,wood
72188570,chair1,stone
72188570,chair2,leather
72188570,chair3,leather
72188570,sofa2,wood
72188590,chair1,leather
72188590,chair2,leather
72188590,chair3,leather
72188590,chair4,wood
72188590,chair5,wood
72188590,chair6,leather
72188590,chair7,leather
72188590,chair8,wood
72188590,chair9,wood
72188590,sofa1,wood
72188590,sofa2,leather
72188590,sofa3,wood
72188590,sofa4,leather
72188590,sofa8,wood
72188672,chair1,wood
72188672,chair2,leather
72188672,chair3,wood
72188672,chair4,wood
72188672,chair5,stone
72188672,chair6,wood
72188672,sofa1,stone
72188672,sofa2,wood
72188672,sofa3,stone
72188672,sofa4,leather
72188672,sofa5,stone
72189136,chair1,wood
72189136,chair2,wood
72189136,chair3,wood
72189629,chair1,leather
72190021,chair1,wood
72190021,chair2,leather
72190021,chair3,wood
72190021,sofa2,wood
72190077,bed1,stone
72190077,chair1,wood
72190077,chair2,wood
72190077,chair3,leather
72190077,chair5,wood
72190077,chair6,wood
72190077,sofa4,stone
72190192,chair1,wood
72190192,chair2,wood
72190192,chair4,wood
72190192,chair6,leather
72190192,sofa1,wood
72190192,sofa3,wood
72190192,sofa5,leather
72190566,chair2,leather
72190566,chair3,leather
72190566,chair4,wood
72190566,chair5,wood
72190566,chair6,wood
72190566,chair7,leather
72190566,chair8,leather
72190566,sofa1,wood
72190566,sofa3,leather
72191132,bed1,leather
72191132,chair1,stone
72191132,sofa2,wood
72191785,chair1,wood
72191785,chair2,wood
72191785,chair3,leather
72191785,chair4,leather
72191785,sofa1,wood
72191785,sofa3,wood
72192407,chair1,wood
72192407,chair10,leather
72192407,chair2,leather
72192407,chair3,stone
72192407,chair5,leather
72192407,chair7,wood
72192407,chair8,wood
72192407,chair9,wood
72192407,sofa4,leather
72192407,sofa6,leather
72192694,chair1,wood
72192694,chair2,wood
72193700,bed2,wood
72193700,chair2,wood
72193700,chair3,wood
72193700,sofa1,leather
72194817,chair1,leather
72194817,chair10,leather
72194817,chair11,wood
72194817,chair13,leather
72194817,chair2,leather
72194817,chair4,wood
72194817,chair5,wood
72194817,chair6,wood
72194817,chair7,wood
72194817,chair8,wood
72194817,chair9,wood
72194817,sofa12,leather
72194817,sofa3,leather
72196657,chair1,wood
72196657,chair2,wood
72196657,chair4,leather
72196657,chair5,leather
72196657,chair6,leather
72196657,chair7,wood
72196657,chair8,wood
72196657,chair9,wood
72196657,sofa10,leather
72196657,sofa2,leather
72196657,sofa3,leather
72197203,chair3,wood
72197203,chair4,leather
72197203,chair5,leather
72197203,chair6,leather
72197203,sofa1,wood
72197203,sofa2,wood
72197203,sofa3,wood
72197334,chair1,leather
72197334,chair3,wood
72197334,chair5,wood
72197334,chair6,wood
72197334,chair7,leather
72197334,sofa2,wood
72197334,sofa4,wood
72202403,chair1,wood
72202403,chair2,wood
72202403,sofa1,leather